John;1960-10-17;vejnavn 18;John10@mail.dk;Mand;Motion;Aktiv;2017-05-21,2019-08-12,2017-03-11,2018-09-17,
William;1963-09-04;Abel Catherines Gade 36;William9@mail.dk;Kvinde;Motion;Aktiv;2018-05-11,2018-06-05,
James;1980-09-29;Abel Cathrines Gade 23;James9@mail.dk;Kvinde;Motion;Aktiv;2017-06-15,2017-02-21,
Charles;1998-08-24;Absalonsgade 33;Charles8@mail.dk;Kvinde;Konkurrence;Aktiv;2019-11-12,
George;1957-01-07;Absalonsgade 49;George1@mail.dk;Mand;Motion;Aktiv;2019-04-10,2017-01-27,2018-02-18,
Frank;1988-09-30;Admiralsgade 53;Frank9@mail.dk;Kvinde;Motion;Aktiv;2017-04-06,2018-03-21,2019-10-27,2019-08-25,2019-07-19,
Joseph;1953-04-02;Aggersvoldvej 54;Joseph4@mail.dk;Mand;Motion;Aktiv;2018-12-14,
Thomas;1991-06-18;Ahlmannsgade 22;Thomas6@mail.dk;Kvinde;Motion;Aktiv;2018-05-02,2018-08-09,2017-03-26,
Henry;1966-03-15;Alleen 51;Henry3@mail.dk;Mand;Motion;Aktiv;2019-06-20,
Robert;1956-04-15;Allersgade 16;Robert4@mail.dk;Mand;Motion;Aktiv;2017-03-18,2017-01-21,
Edward;1985-03-15;Anders Henriksensgade 47;Edward3@mail.dk;Mand;Motion;Aktiv;2019-04-04,
Harry;1961-03-11;Anker Heegaards Gade 26;Harry3@mail.dk;Mand;Motion;Aktiv;2017-08-02,2017-08-10,2019-10-28,2019-12-05,2018-01-14,2018-04-23,
Walter;1997-06-09;Antonigade 54;Walter6@mail.dk;Mand;Motion;Aktiv;2017-04-13,
Arthur;1965-05-11;Arkonagade 23;Arthur5@mail.dk;Mand;Konkurrence;Aktiv;2017-02-20,2018-12-09,2019-07-08,2017-12-01,
Fred;1964-03-16;Asger Rygs Gade 54;Fred3@mail.dk;Kvinde;Motion;Aktiv;2018-05-05,
Albert;1963-07-09;Asminderødgade 32;Albert7@mail.dk;Mand;Motion;Aktiv;2018-08-21,2018-01-24,
Samuel;1950-06-14;Asnæsgade (nordlige) 29;Samuel6@mail.dk;Kvinde;Motion;Aktiv;2019-12-19,2017-09-20,
David;1995-04-24;Asnæsgade (sydlige) 59;David4@mail.dk;Kvinde;Motion;Aktiv;2017-11-21,
Louis;2003-07-21;Asylgade 51;Louis7@mail.dk;Mand;Motion;Aktiv;2017-11-07,2019-07-14,2019-01-26,2017-02-21,
Joe;1999-05-18;August Bournonvilles Passage 38;Joe5@mail.dk;Kvinde;Motion;Aktiv;2019-11-20,
Charlie;1968-02-09;Axel Heides Gade 24;Charlie2@mail.dk;Mand;Motion;Aktiv;2019-03-12,2018-05-17,
Clarence;2006-05-11;Axel Heides Gade 15;Clarence5@mail.dk;Mand;Motion;Aktiv;2019-08-07,
Richard;1984-10-29;Axeltorv 54;Richard10@mail.dk;Mand;Motion;Aktiv;2017-10-11,2019-09-16,2018-03-21,2019-08-09,
Andrew;1962-09-30;Badstuestræde 56;Andrew9@mail.dk;Mand;Motion;Aktiv;2017-02-02,2018-09-06,
Daniel;1978-07-04;Banegårdspladsen 26;Daniel7@mail.dk;Kvinde;Konkurrence;Aktiv;2019-08-28,2019-05-10,
Ernest;1986-12-20;Beethovensvej 12;Ernest12@mail.dk;Mand;Motion;Aktiv;2017-06-25,2019-03-24,2019-06-23,
Will;2007-11-29;Bevtoftgade 33;Will11@mail.dk;Mand;Motion;Aktiv;2017-02-17,
Jesse;1993-07-28;Birkedommervej 20;Jesse7@mail.dk;Mand;Konkurrence;Aktiv;2018-12-26,2019-08-12,
Oscar;1955-06-18;Birkegade 45;Oscar6@mail.dk;Kvinde;Motion;Aktiv;2017-02-17,
Lewis;1992-02-11;Birmavej 1;Lewis2@mail.dk;Mand;Motion;Aktiv;2018-06-20,2018-09-04,
Peter;2006-12-10;Bispebjerg Parkallé Nordlig 17;Peter12@mail.dk;Kvinde;Motion;Aktiv;2017-02-21,
Benjamin;1950-01-12;Bispebjerg Parkallé Nordlig 19;Benjamin1@mail.dk;Kvinde;Motion;Aktiv;2017-11-12,
Frederick;1977-01-24;Bispebjerg Parkallé Sydlig 52;Frederick1@mail.dk;Kvinde;Motion;Aktiv;2018-12-18,2018-10-10,2019-09-18,2019-06-12,2017-08-04,2018-01-16,2017-02-11,2018-02-02,2019-07-08,2017-12-28,
Willie;1955-04-21;Christianshavns Kanal 59;Willie4@mail.dk;Kvinde;Motion;Aktiv;2019-02-12,2018-08-11,
Alfred;1986-05-23;Bispebjerg Parkallé Sydlig 13;Alfred5@mail.dk;Kvinde;Motion;Aktiv;2019-04-09,2018-12-12,
Sam;1978-05-30;Bispebjerg Parkallé Sydlig 21;Sam5@mail.dk;Kvinde;Motion;Aktiv;2018-12-11,
Roy;1968-09-01;Bispebjerg Torv 31;Roy9@mail.dk;Mand;Motion;Aktiv;2019-05-14,
Herbert;1967-10-07;Bjørneklovej 16;Herbert10@mail.dk;Kvinde;Konkurrence;Aktiv;2019-09-20,2017-09-09,
Jacob;1986-05-12;Blankavej 36;Jacob5@mail.dk;Kvinde;Motion;Aktiv;2018-01-07,2017-02-06,
Tom;1967-02-23;Blommestien 10;Tom2@mail.dk;Kvinde;Motion;Aktiv;2017-02-02,2018-01-14,2018-01-23,2018-01-24,
Elmer;1978-01-17;Bodilsgade 59;Elmer1@mail.dk;Mand;Motion;Aktiv;2017-10-02,
Carl;1999-04-09;Boldhusgade 49;Carl4@mail.dk;Kvinde;Motion;Aktiv;2018-07-27,2017-01-19,2017-11-20,
Lee;1964-04-26;Bomsluttervej 18;Lee4@mail.dk;Kvinde;Motion;Passiv;2019-04-21,2018-06-21,
Howard;1965-02-26;Borgbjergvej 20;Howard2@mail.dk;Mand;Motion;Aktiv;2017-08-23,2019-04-21,
Martin;1977-08-21;Borgergade 27;Martin8@mail.dk;Mand;Motion;Aktiv;2017-05-10,2017-01-20,
Michael;2006-10-08;Borgmester Christiansens Gade 37;Michael10@mail.dk;Kvinde;Motion;Aktiv;2019-03-06,2019-01-01,
Bert;1976-06-24;Bornholmsgade 31;Bert6@mail.dk;Kvinde;Motion;Aktiv;2019-09-02,2017-10-12,
Herman;1977-02-07;Bredahlsvej 16;Herman2@mail.dk;Mand;Motion;Aktiv;2018-06-25,2019-01-21,2018-01-12,2018-04-22,2017-05-04,2018-12-21,2019-05-16,2019-05-13,2018-11-07,2017-01-16,
Jim;1962-10-02;Bredahlsvej 30;Jim10@mail.dk;Mand;Motion;Aktiv;2019-01-22,2017-05-02,
Francis;1953-12-13;Bredegrund 1;Francis12@mail.dk;Mand;Motion;Aktiv;2018-08-17,
Harvey;1951-08-14;Bredegrund 33;Harvey8@mail.dk;Mand;Motion;Aktiv;2019-03-07,
Earl;1989-07-16;Bredgade 32;Earl7@mail.dk;Mand;Motion;Aktiv;2018-11-18,
Eugene;1982-01-22;Bredgade 8;Eugene1@mail.dk;Mand;Motion;Aktiv;2017-01-01,2017-11-19,
Ralph;1998-05-14;Bregnegangen 41;Ralph5@mail.dk;Kvinde;Motion;Aktiv;2019-10-21,
Ed;1965-02-06;Bremerholm 11;Ed2@mail.dk;Kvinde;Motion;Aktiv;2019-07-25,
Claude;1994-05-04;Bremerholm 35;Claude5@mail.dk;Mand;Motion;Aktiv;2018-09-22,2019-03-01,2017-11-01,2018-08-24,2017-10-15,
Edwin;1956-01-02;Brolæggerstræde 39;Edwin1@mail.dk;Mand;Motion;Aktiv;2018-08-28,2018-06-09,2018-06-24,2019-09-14,2019-08-25,2017-09-02,
Ben;2006-04-06;Brolæggerstræde 26;Ben4@mail.dk;Mand;Motion;Aktiv;2019-11-16,2017-02-18,
Charley;1975-05-10;Brorsonsgade 18;Charley5@mail.dk;Mand;Motion;Aktiv;2017-03-25,
Paul;1988-07-25;Brysselgade 9;Paul7@mail.dk;Mand;Motion;Aktiv;2019-11-28,
Edgar;1994-02-23;Brønshøjvej 34;Edgar2@mail.dk;Kvinde;Motion;Aktiv;2019-11-28,2017-03-20,
Isaac;1980-08-29;Buster Larsens Vej 31;Isaac8@mail.dk;Mand;Motion;Aktiv;2018-01-23,2019-05-10,
Otto;1980-09-07;Bustrupgade 29;Otto9@mail.dk;Mand;Motion;Aktiv;2018-07-27,
Luther;1959-06-06;Christian IX's Gade 24;Luther6@mail.dk;Kvinde;Motion;Aktiv;2019-11-07,
Lawrence;1985-07-23;Christianshavns Kanal 26;Lawrence7@mail.dk;Kvinde;Motion;Aktiv;2019-11-14,2019-08-13,
Ira;1952-04-12;Christianshavns Voldgade 15;Ira4@mail.dk;Mand;Motion;Aktiv;2018-12-16,
Patrick;1951-09-26;Christiansmindevej 29;Patrick9@mail.dk;Mand;Motion;Aktiv;2019-10-13,2018-03-09,
Guy;1996-06-10;Colbjørnsensgade 9;Guy6@mail.dk;Mand;Motion;Aktiv;2019-12-07,2017-12-15,2019-08-24,2017-10-01,2019-07-26,2019-07-01,
Oliver;1975-11-13;Colbjørnsensgade 26;Oliver11@mail.dk;Mand;Motion;Aktiv;2017-10-14,2019-07-09,2017-01-26,
Theodore;1977-03-04;Colbjørnsensgade 20;Theodore3@mail.dk;Mand;Motion;Aktiv;2017-06-19,
Hugh;1979-04-23;Collinsgade 6;Hugh4@mail.dk;Kvinde;Konkurrence;Aktiv;2019-07-19,2018-11-13,
Clyde;1994-09-05;Cort Adelers Gade 32;Clyde9@mail.dk;Kvinde;Motion;Aktiv;2019-01-26,2018-11-23,
Alexander;1981-04-27;Cæciliavej 47;Alexander4@mail.dk;Mand;Motion;Aktiv;2018-01-08,
August;1968-07-20;Dalføret 3;August7@mail.dk;Mand;Motion;Aktiv;2018-10-01,2017-09-08,
Floyd;1978-01-14;Dalføret 0;Floyd1@mail.dk;Kvinde;Motion;Passiv;2018-05-11,
Homer;1952-07-16;Dannebrogsgade 47;Homer7@mail.dk;Kvinde;Konkurrence;Aktiv;2017-12-21,
Jack;2007-09-27;Dannebrogsgade 21;Jack9@mail.dk;Kvinde;Motion;Aktiv;2019-07-21,
Leonard;1962-01-27;Degnestavnen 19;Leonard1@mail.dk;Kvinde;Motion;Aktiv;2017-04-10,
Horace;2007-05-30;Dronning Elisabeths Allé 26;Horace5@mail.dk;Mand;Motion;Aktiv;2017-10-11,
Marion;2009-08-14;Dronningensgade 42;Marion8@mail.dk;Kvinde;Motion;Aktiv;2018-01-23,
Philip;1967-09-26;Dronningensgade 37;Philip9@mail.dk;Mand;Konkurrence;Aktiv;2017-02-22,2018-04-27,2019-08-10,2017-01-15,
Allen;1992-02-23;Druehaven 38;Allen2@mail.dk;Mand;Motion;Aktiv;2017-07-14,
Archie;1960-02-10;Dybendalsvej 54;Archie2@mail.dk;Mand;Motion;Aktiv;2018-02-20,2019-06-17,2019-12-26,2018-05-12,
Stephen;1957-08-24;Dybensgade 56;Stephen8@mail.dk;Mand;Motion;Aktiv;2017-04-21,
Chester;1981-03-18;Dybensgade 42;Chester3@mail.dk;Kvinde;Konkurrence;Aktiv;2019-11-04,
Willis;1955-01-02;Dybensgade 53;Willis1@mail.dk;Mand;Motion;Aktiv;2019-08-02,2019-08-03,
Raymond;1958-11-03;Edel Sauntes Allé 27;Raymond11@mail.dk;Kvinde;Motion;Aktiv;2017-10-19,
Rufus;1990-09-16;Edith Rodes Vej 38;Rufus9@mail.dk;Kvinde;Motion;Aktiv;2018-05-10,2018-07-24,2019-02-24,
Warren;1991-11-02;Egegade 48;Warren11@mail.dk;Kvinde;Motion;Aktiv;2019-04-08,2018-05-27,
Jessie;2001-08-04;Ejderstedgade 41;Jessie8@mail.dk;Kvinde;Motion;Aktiv;2019-06-21,2017-04-14,2018-11-16,2017-12-21,2019-12-21,
Milton;1996-07-01;Ekvipagemestervej 30;Milton7@mail.dk;Kvinde;Motion;Aktiv;2018-02-12,2018-09-22,
Alex;1960-07-11;Elmegade 33;Alex7@mail.dk;Mand;Motion;Aktiv;2017-11-22,2019-09-02,
Leo;1981-04-15;Emil Holms Kanal 5;Leo4@mail.dk;Mand;Motion;Aktiv;2017-07-17,2019-12-23,
Julius;1998-06-15;Engdals Allé 59;Julius6@mail.dk;Kvinde;Motion;Aktiv;2018-05-10,
Ray;1989-01-10;Engdals Allé 25;Ray1@mail.dk;Kvinde;Konkurrence;Aktiv;2017-04-27,
Sidney;1993-09-01;Erik Ejegods Gade 54;Sidney9@mail.dk;Mand;Konkurrence;Aktiv;2019-06-21,2018-12-21,2019-11-08,2017-03-22,2018-11-24,
Bernard;1974-07-11;Esbern Snares Gade 57;Bernard7@mail.dk;Kvinde;Motion;Aktiv;2019-05-11,2017-08-01,2018-01-11,
Dan;1954-01-26;Eschrichtsvej 29;Dan1@mail.dk;Mand;Motion;Aktiv;2017-11-27,
Jerry;1971-08-25;Eskildsgade 41;Jerry8@mail.dk;Mand;Motion;Aktiv;2019-02-01,
Calvin;1955-03-11;Eskildsgade 22;Calvin3@mail.dk;Kvinde;Konkurrence;Aktiv;2018-05-21,2017-11-15,
